id,cluster
766192484,0
766192485,0
766192486,2
766192487,1
766192488,0
766192489,1
766192490,0
766192491,0
766192492,0
766192493,0
766192494,0
766192495,0
766192496,1
766192497,0
766192498,0
766192499,1
766192500,0
766192501,0
766192502,2
766192503,0
766192504,3
766192505,1
766192506,0
766192507,1
766192508,3
766192509,0
766192510,1
766192511,0
766192512,0
766192513,0
766192514,0
766192515,0
766192516,0
766192517,0
766192518,0
766192519,0
766192520,0
766192521,1
766192522,3
766192523,1
766192524,0
766192525,1
766192526,0
766192527,0
766192528,0
766192529,3
766192530,3
766192531,0
766192532,0
766192533,0
766192534,0
766192535,0
766192536,0
766192537,0
766192538,1
766192539,0
766192540,1
766192541,0
766192542,0
766192543,0
766192544,1
766192545,0
766192546,0
766192547,0
766192548,3
766192549,0
766192550,0
766192551,0
766192552,3
766192553,0
766192554,0
766192555,1
766192556,0
766192557,0
766192558,1
766192559,0
766192560,0
766192561,0
766192562,3
766192563,0
766192564,1
766192565,1
766192566,0
766192567,0
766192568,1
766192569,0
766192570,0
766192571,0
766192572,0
766192573,1
766192574,0
766192575,0
766192576,0
766192577,0
766192578,0
766192579,1
766192580,3
766192581,0
766192582,0
766192583,0
766192585,0
766192586,3
766192587,2
766192588,0
766192589,0
766192590,1
766192591,0
766192592,0
766192593,0
766192594,0
766192595,3
766192596,0
766192597,0
766192598,3
766192599,0
766192600,2
766192601,1
766192602,0
766192603,3
766192604,0
766192605,3
766192606,1
766192607,0
766192608,1
766192609,0
766192610,1
766192611,0
766192612,0
766192613,0
766192614,0
766192615,3
766192616,0
766192617,0
766192618,0
766192619,2
766192620,0
766192621,1
766192622,1
766192623,0
766192624,0
766192625,0
766192626,3
766192627,3
766192628,3
766192629,0
766192630,0
766192631,2
766192632,0
766192633,1
766192634,0
766192635,0
766192636,0
766192637,0
766192638,0
766192639,0
766192640,0
766192641,3
766192642,0
766192643,0
766192644,0
766192645,0
766192646,1
766192647,0
766192648,0
766192649,0
766192650,0
766192651,1
766192652,0
766192653,3
766192654,0
766192655,0
766192656,0
766192657,0
766192658,1
766192659,1
766192660,2
766192661,0
766192662,3
766192663,0
766192664,2
766192665,1
766192666,3
766192667,1
766192668,0
766192669,0
766192670,0
766192671,3
766192672,1
766192673,0
766192674,0
766192675,1
766192676,0
766192677,0
766192678,0
766192679,0
766192680,3
766192681,0
766192682,1
766192683,0
766192684,3
766192685,0
766192686,0
766192687,0
766192688,1
766192689,0
766192690,0
766192691,0
766192692,0
766192693,0
766192694,0
766192695,1
766192696,2
766192697,0
766192698,0
766192699,0
766192700,0
766192701,2
766192702,0
766192703,0
766192704,0
766192705,0
766192706,0
766192707,0
766192708,0
766192709,0
766192710,1
766192711,3
766192712,3
766192713,1
766192714,1
766192715,1
766192716,0
766192717,0
766192718,0
766192719,1
766192720,3
766192721,0
766192722,0
766192723,0
766192724,0
766192725,0
766192726,0
766192727,0
766192728,3
766192729,1
766192730,0
766192731,1
766192732,3
766192733,0
766192734,0
766192735,0
766192736,0
766192737,1
766192738,3
766192739,0
766192740,0
766192741,0
766192742,1
766192743,0
766192744,0
766192745,0
766192746,0
766192747,1
766192748,0
766192749,0
766192750,1
766192751,0
766192752,0
766192753,0
766192754,0
766192755,0
766192756,0
766192757,0
766192758,0
766192759,0
766192760,3
766192761,0
766192762,0
766192763,0
766192764,0
766192765,0
766192766,0
766192767,0
766192768,0
766192769,1
766192770,0
766192771,1
766192772,0
766192773,0
766192774,0
766192775,1
766192776,1
766192777,0
766192778,0
766192779,1
766192780,0
766192781,1
766192782,0
766192783,0
766192784,0
766192785,0
766192786,3
766192787,0
766192788,0
766192789,1
766192790,0
766192791,0
766192792,0
766192793,0
766192794,0
766192795,1
766192796,0
766192797,0
766192798,0
766192799,1
766192800,0
766192801,0
766192802,0
766192803,3
766192804,3
766192805,0
766192806,0
766192807,0
766192808,0
766192809,0
766192810,1
766192811,1
766192812,0
766192813,1
766192814,0
766192815,0
766192816,3
766192817,1
766192818,0
766192819,0
766192820,0
766192821,0
766192822,0
766192823,0
766192824,0
766192825,0
766192826,1
766192827,0
766192828,1
766192829,1
766192830,2
766192831,0
766192832,1
766192833,0
766192834,0
766192835,1
766192836,1
766192837,0
766192838,1
766192839,0
766192840,1
766192841,3
766192842,3
766192843,0
766192844,0
766192845,0
766192846,1
766192847,0
766192848,3
766192849,1
766192850,3
766192851,0
766192852,3
766192853,0
766192854,3
766192855,0
766192856,2
766192857,0
766192858,0
766192859,1
766192860,0
766192861,0
766192862,3
766192863,0
766192864,0
766192865,0
766192866,0
766192867,0
766192868,1
766192869,0
766192870,0
766192871,0
766192872,3
766192873,0
766192874,1
766192875,1
766192876,0
766192877,1
766192878,0
766192879,0
766192880,0
766192881,0
766192882,0
766192883,3
766192884,0
766192885,1
766192886,1
766192887,0
766192888,0
766192889,0
766192890,0
766192891,0
766192892,2
766192893,0
766192894,0
766192895,1
766192896,0
766192897,0
766192898,0
766192899,0
766192900,3
766192901,0
766192902,0
766192903,0
766192904,0
766192905,1
766192906,3
766192907,0
766192908,0
766192909,3
766192910,0
766192911,0
766192912,3
766192913,0
766192914,0
766192915,1
766192916,0
766192917,0
766192918,0
766192919,0
766192920,0
766192921,0
766192922,1
766192923,0
766192924,0
766192925,3
766192926,0
766192927,0
766192928,0
766192929,0
766192930,1
766192931,0
766192932,1
766192933,1
766192934,0
766192935,3
766192936,0
766192937,3
766192938,1
766192939,0
766192940,0
766192941,3
766192942,0
766192943,0
766192944,0
766192945,0
766192946,0
766192947,3
766192948,0
766192949,0
766192950,0
766192951,1
766192952,1
766192953,3
766192954,1
766192955,1
766192956,0
766192957,1
766192958,0
766192959,1
766192960,0
766192961,1
766192962,0
766192963,0
766192964,0
766192965,0
766192966,1
766192967,3
766192968,0
766192969,1
766192970,1
766192971,0
766192972,0
766192973,1
766192974,0
766192975,0
766192976,0
766192977,1
766192978,0
766192979,1
766192980,0
766192981,0
766192982,0
766192983,0
766192984,0
766192985,0
766192986,0
766192987,0
766192988,3
766192989,0
766192990,0
766192991,1
766192992,1
766192993,0
766192994,0
766192995,0
766192996,3
766192997,0
766192998,0
766192999,0
766193000,3
766193001,0
766193002,3
766193003,0
766193004,3
766193005,0
766193006,0
766193007,0
766193008,0
766193009,0
766193010,0
766193011,0
766193012,3
766193013,0
766193014,0
766193015,0
766193016,0
766193017,0
766193018,0
766193019,0
766193020,0
766193021,0
766193022,1
766193023,0
766193024,3
766193025,0
766193026,2
766193027,3
766193028,2
766193029,1
766193030,0
766193031,1
766193032,0
766193033,1
766193034,3
766193035,3
766193036,1
766193037,1
766193038,2
766193039,2
766193040,3
766193041,0
766193042,0
766193043,0
766193044,0
766193045,0
766193046,0
766193047,0
766193048,0
766193049,2
766193050,1
766193051,0
766193052,0
766193053,1
766193054,0
766193055,0
766193056,1
766193057,1
766193058,3
766193059,0
766193060,1
766193061,0
766193062,0
766193063,0
766193064,0
766193065,3
766193066,0
766193067,0
766193068,1
766193069,3
766193070,0
766193071,1
766193072,1
766193073,1
766193074,0
766193075,3
766193076,1
766193077,0
766193078,0
766193079,1
766193080,3
766193081,0
766193082,0
766193083,0
766193084,1
766193085,0
766193086,0
766193087,0
766193088,1
766193089,0
766193090,0
766193091,0
766193092,0
766193093,0
766193094,0
766193095,0
766193096,3
766193097,0
766193098,0
766193099,0
766193100,0
766193101,0
766193102,1
766193103,0
766193104,0
766193105,0
766193106,0
766193107,1
766193108,0
766193109,0
766193110,0
766193111,1
766193112,1
766193113,0
766193114,0
766193115,1
766193116,0
766193117,0
766193118,3
766193119,0
766193120,0
766193121,1
766193122,0
766193123,0
766193124,3
766193125,0
766193126,3
766193127,3
766193128,2
766193129,1
766193130,0
766193131,3
766193132,1
766193133,1
766193134,0
766193135,0
766193136,0
766193137,0
766193138,0
766193139,0
766193140,0
766193141,3
766193142,0
766193143,0
766193144,0
766193145,1
766193146,0
766193147,1
766193148,2
766193149,3
766193150,0
766193151,1
766193152,0
766193153,1
766193154,0
766193155,0
766193156,0
766193157,1
766193158,0
766193159,0
766193160,0
766193161,0
766193162,0
766193163,0
766193164,0
766193165,0
766193166,3
766193167,0
766193168,0
766193169,1
766193170,0
766193171,0
766193172,0
766193173,0
766193174,0
766193175,1
766193176,0
766193177,0
766193178,3
766193179,0
766193180,2
766193181,3
766193182,2
766193183,0
766193184,3
766193185,0
766193186,1
766193187,0
766193188,0
766193189,0
766193190,0
766193191,3
766193192,1
766193193,0
766193194,0
766193195,0
766193196,0
766193197,0
766193198,0
766193199,0
766193200,3
766193201,0
766193202,1
766193203,0
766193204,0
766193205,0
766193206,0
766193207,0
766193208,0
766193209,0
766193210,0
766193211,0
766193212,0
766193213,0
766193214,0
766193215,1
766193216,0
766193217,1
766193218,0
766193219,0
766193220,0
766193221,0
766193222,0
766193223,1
766193224,0
766193225,0
766193226,0
766193227,3
766193228,1
766193229,0
766193230,0
766193231,0
766193232,0
766193233,0
766193234,0
766193235,0
766193236,0
766193237,1
766193238,0
766193239,3
766193240,0
766193241,0
766193242,0
766193243,3
766193244,0
766193245,1
766193246,1
766193247,3
766193248,0
766193249,0
766193250,0
766193251,1
766193252,0
766193253,3
766193254,0
766193255,2
766193256,0
766193257,1
766193258,1
766193259,0
766193260,0
766193261,1
766193262,0
766193263,0
766193264,1
766193265,0
766193266,0
766193267,0
766193268,1
766193269,0
766193270,0
766193271,1
766193272,3
766193273,0
766193274,0
766193275,3
766193276,0
766193277,1
766193278,0
766193279,0
766193280,1
766193281,0
766193282,0
766193283,0
766193284,1
766193285,1
766193286,2
766193287,0
766193288,0
766193289,0
766193290,3
766193291,1
766193292,0
766193293,0
766193294,0
766193295,1
766193296,0
766193297,0
766193298,1
766193299,0
766193300,0
766193301,3
766193302,0
766193303,0
766193304,0
766193305,2
766193306,0
766193307,0
766193308,0
766193309,0
766193310,3
766193311,1
766193312,0
766193313,1
766193314,0
766193315,2
766193316,0
766193317,3
766193318,0
766193319,0
766193320,0
766193321,2
766193322,3
766193323,1
766193324,0
766193325,0
766193326,0
766193327,0
766193328,0
766193329,3
766193330,0
766193331,0
766193332,0
766193333,1
766193334,3
766193335,0
766193336,0
766193337,0
766193338,1
766193339,0
766193340,0
766193341,0
766193342,0
766193343,3
766193344,0
766193345,0
766193346,0
766193347,3
766193348,1
766193349,3
766193350,1
766193351,1
766193352,0
766193353,3
766193354,0
766193355,1
766193356,0
766193357,1
766193358,1
766193359,0
766193360,0
766193361,0
766193362,0
766193363,0
766193364,0
766193365,0
766193366,0
766193367,0
766193368,1
766193369,0
766193370,1
766193371,3
766193372,0
766193373,0
766193374,3
766193375,0
766193376,0
766193377,1
766193378,0
766193379,0
766193380,0
766193381,0
766193382,0
766193383,0
766193384,1
766193385,0
766193386,1
766193387,0
766193388,3
766193389,0
766193390,0
766193391,3
766193392,3
766193393,0
766193394,0
766193395,0
766193396,1
766193397,0
766193398,0
766193399,0
766193400,0
766193401,0
766193402,0
766193403,0
766193404,0
766193405,3
766193406,0
766193407,1
766193408,0
766193409,0
766193410,3
766193411,0
766193412,0
766193413,0
766193414,1
766193415,0
766193416,2
766193417,0
766193418,0
766193419,3
766193420,0
766193421,0
766193422,0
766193423,0
766193424,3
766193425,0
766193426,0
766193427,0
766193428,0
766193429,1
766193430,0
766193431,1
766193432,0
766193433,0
766193434,0
766193435,0
766193436,0
766193437,0
766193438,0
766193439,0
766193440,0
766193441,0
766193442,3
766193443,0
766193444,0
766193445,0
766193446,1
766193447,0
766193448,0
766193449,0
766193450,3
766193451,0
766193452,0
766193453,1
766193454,0
766193455,0
766193456,1
766193457,0
766193458,0
766193459,0
766193460,0
766193461,0
766193462,0
766193463,0
766193464,1
766193465,0
766193466,0
766193467,0
766193468,0
766193469,0
766193470,0
766193471,0
766193472,3
766193473,0
766193474,0
766193475,1
766193476,0
766193477,3
766193478,0
766193479,2
766193480,0
766193481,3
766193482,0
766193483,3
766193484,3
766193485,0
766193486,0
766193487,0
766193488,0
766193489,0
766193490,0
766193491,0
766193492,0
766193493,0
766193494,0
766193495,1
766193496,0
766193497,1
766193498,0
766193499,1
766193500,0
766193501,3
766193502,0
766193503,0
766193504,0
766193505,0
766193506,0
766193507,1
766193508,0
766193509,0
766193510,1
766193511,0
766193512,0
766193513,0
766193514,1
766193515,1
766193516,0
766193517,0
766193518,0
766193519,0
766193520,0
766193521,3
766193522,3
766193523,1
766193524,0
766193525,0
766193526,2
766193527,0
766193528,1
766193529,0
766193530,0
766193531,0
766193532,0
766193533,0
766193534,0
766193535,1
766193536,3
766193537,0
766193538,0
766193539,0
766193540,0
766193541,3
766193542,1
766193543,1
766193544,0
766193545,0
766193546,0
766193547,0
766193548,1
766193549,1
766193550,0
766193551,1
766193552,0
766193553,0
766193554,0
766193555,0
766193556,3
766193557,0
766193558,1
766193559,2
766193560,0
766193561,0
766193562,0
766193563,2
766193564,0
766193565,0
766193566,0
766193567,0
766193568,1
766193569,0
766193570,0
766193571,0
766193572,0
766193573,1
766193574,1
766193575,3
766193576,0
766193577,2
766193578,0
766193579,0
766193580,0
766193581,0
766193582,0
766193583,0
766193584,0
766193585,0
766193586,0
766193587,0
766193588,0
766193589,0
766193590,3
766193591,1
766193592,3
766193593,0
766193594,0
766193595,1
766193596,0
766193597,0
766193598,0
766193599,1
766193600,3
766193601,3
766193602,1
766193603,0
766193604,0
766193605,0
766193606,1
766193607,0
766193608,0
766193609,0
766193610,0
766193611,1
766193612,0
766193613,1
766193614,0
766193615,0
766193616,1
766193617,0
766193618,0
766193619,0
766193620,0
766193621,0
766193622,0
766193623,3
766193624,3
766193625,0
766193626,1
766193627,0
766193628,0
766193629,0
766193630,0
766193631,0
766193632,0
766193633,0
766193634,0
766193635,0
766193636,1
766193637,0
766193638,0
766193639,1
766193640,3
766193641,1
766193642,0
766193643,0
766193644,3
766193645,1
766193646,1
766193647,1
766193648,0
766193649,1
766193650,2
766193651,0
766193652,0
766193653,0
766193654,1
766193655,1
766193656,1
766193657,0
766193658,1
766193659,1
766193660,3
766193661,0
766193662,0
766193663,0
766193664,0
766193665,1
766193666,0
766193667,0
766193668,0
766193669,0
766193670,1
766193671,3
766193672,0
766193673,0
766193674,0
766193675,0
766193676,1
766193677,3
766193678,0
766193679,0
766193680,0
766193681,0
766193682,1
766193683,1
766193684,1
766193685,0
766193686,0
766193687,0
766193688,0
766193689,0
766193690,0
766193691,0
766193692,1
766193693,0
766193694,0
766193695,3
766193696,0
766193697,0
766193698,0
766193699,0
766193700,0
766193701,0
766193702,0
766193703,0
766193704,1
766193705,0
766193706,0
766193707,3
766193708,0
766193709,1
766193710,0
766193711,2
766193712,0
766193713,0
766193714,0
766193715,0
766193716,0
766193717,0
766193718,1
766193719,0
766193720,3
766193721,0
766193722,0
766193723,1
766193724,0
766193725,0
766193726,0
766193727,1
766193728,1
766193729,0
766193730,0
766193731,0
766193732,0
766193733,0
766193734,3
766193735,0
766193736,0
766193737,3
766193738,0
766193739,0
766193740,0
766193741,3
766193742,0
766193743,0
766193744,0
766193745,0
766193746,0
766193747,0
766193748,0
766193749,0
766193750,0
766193751,1
766193752,0
766193753,3
766193754,0
766193755,0
766193756,0
766193757,0
766193758,0
766193759,0
766193760,0
766193761,1
766193762,2
766193763,0
766193764,0
766193765,0
766193766,0
766193767,1
766193768,0
766193769,0
766193770,3
766193771,0
766193772,3
766193773,0
766193774,0
766193775,1
766193776,0
766193777,0
766193778,0
766193779,0
766193780,0
766193781,0
766193782,0
766193783,0
766193784,1
766193785,0
766193786,0
766193787,0
766193788,3
766193789,0
766193790,3
766193791,0
766193792,0
766193793,0
766193794,0
766193795,0
766193796,0
766193797,3
766193798,0
766193799,0
766193800,0
766193801,0
766193802,0
766193803,0
766193804,3
766193805,0
766193806,0
766193807,0
766193808,0
766193809,1
766193810,1
766193811,1
766193812,0
766193813,0
766193814,3
766193815,1
766193816,0
766193817,0
766193818,1
766193819,0
766193820,0
766193821,0
766193822,0
766193823,0
766193824,1
766193825,0
766193826,0
766193827,0
766193828,0
766193829,0
766193830,1
766193831,0
766193832,0
766193833,0
766193834,0
766193835,0
766193836,0
766193837,3
766193838,0
766193839,0
766193840,3
766193841,1
766193842,0
766193843,0
766193844,0
766193845,1
766193846,1
766193847,0
766193848,3
766193849,0
766193850,0
766193851,0
766193852,0
766193853,0
766193854,0
766193855,1
766193856,3
766193857,1
766193858,1
766193859,0
766193860,0
766193861,0
766193862,1
766193863,0
766193864,0
766193865,0
766193866,0
766193867,1
766193868,1
766193869,0
766193870,0
766193871,1
766193872,0
766193873,1
766193874,0
766193875,1
766193876,0
766193877,1
766193878,1
766193879,0
766193880,3
766193881,0
766193882,1
766193883,3
766193884,0
766193885,0
766193886,0
766193887,0
766193888,0
766193889,0
766193890,1
766193891,0
766193892,2
766193893,0
766193894,0
766193895,1
766193896,0
766193897,2
766193898,0
766193899,0
766193900,0
766193901,0
766193902,0
766193903,1
766193904,1
766193905,1
766193906,0
766193907,0
766193908,0
766193909,0
766193910,0
766193911,0
766193912,0
766193913,0
766193914,1
766193915,0
766193916,0
766193917,3
766193918,0
766193919,0
766193920,0
766193921,1
766193922,3
766193923,0
766193924,1
766193925,3
766193926,1
766193927,0
766193928,0
766193929,3
766193930,1
766193931,2
766193932,3
766193933,0
766193934,0
766193935,0
766193936,0
766193937,3
766193938,1
766193939,0
766193940,1
766193941,0
766193942,1
766193943,0
766193944,0
766193945,0
766193946,0
766193947,1
766193948,3
766193949,1
766193950,1
766193951,1
766193952,1
766193953,1
766193954,3
766193955,1
766193956,0
766193957,0
766193958,0
766193959,0
766193960,0
766193961,3
766193962,1
766193963,0
766193964,0
766193965,0
766193966,0
766193967,1
766193968,0
766193969,0
766193970,0
766193971,0
766193972,0
766193973,3
766193974,0
766193975,0
766193976,3
766193977,0
766193978,0
766193979,2
766193980,0
766193981,0
766193982,1
766193983,0
766193984,1
766193985,0
766193986,1
766193987,0
766193988,1
766193989,0
766193990,2
766193991,0
766193992,0
766193993,0
766193994,0
766193995,0
766193996,0
766193997,0
766193998,0
766193999,0
766194000,0
766194001,1
766194002,0
766194003,3
766194004,0
766194005,3
766194006,0
766194007,0
766194008,0
766194009,0
766194010,3
766194011,0
766194012,0
766194013,0
766194014,0
766194015,0
766194016,0
766194017,0
766194018,0
766194019,0
766194020,0
766194021,2
766194022,0
766194023,1
766194024,0
766194025,2
766194026,0
766194027,0
766194028,0
766194029,3
766194030,0
766194031,0
766194032,1
766194033,0
766194034,0
766194035,0
766194036,0
766194037,0
766194038,0
766194039,0
766194040,1
766194041,0
766194042,0
766194043,0
766194044,1
766194045,1
766194046,0
766194047,0
766194048,0
766194049,0
766194050,2
766194051,1
766194052,0
766194053,0
766194054,0
766194055,0
766194056,2
766194057,0
766194058,0
766194059,1
766194060,0
766194061,0
766194062,1
766194063,3
766194064,0
766194065,0
766194066,1
766194067,0
766194068,0
766194069,0
766194070,0
766194071,0
766194072,0
766194073,0
766194074,0
766194075,0
766194076,1
766194077,1
766194078,2
766194079,2
766194080,0
766194081,1
766194082,3
766194083,0
766194084,1
766194085,0
766194086,0
766194087,1
766194088,0
766194089,0
766194090,0
766194091,1
766194092,0
766194093,1
766194094,2
766194095,0
766194096,0
766194097,1
766194098,3
766194099,3
766194100,3
766194101,0
766194102,0
766194103,0
766194104,0
766194105,0
766194106,3
766194107,1
766194108,3
766194109,0
766194110,1
766194111,0
766194112,0
766194113,0
766194114,1
766194115,2
766194116,0
766194117,0
766194118,0
766194119,3
766194120,0
766194121,3
766194122,0
766194123,1
766194124,3
766194125,0
766194126,0
766194127,0
766194128,0
766194129,0
766194130,2
766194131,0
766194132,0
766194133,3
766194134,0
766194135,0
766194136,0
766194137,0
766194138,0
766194139,0
766194140,0
766194141,0
766194142,0
766194143,0
766194144,1
766194145,1
766194146,1
766194147,0
766194148,0
766194149,3
766194150,0
766194151,1
766194152,0
766194153,1
766194154,1
766194155,1
766194156,0
766194157,0
766194158,0
766194159,1
766194160,0
766194161,0
766194162,3
766194163,0
766194164,1
766194165,3
766194166,1
766194167,0
766194168,0
766194169,1
766194170,0
766194171,0
766194172,0
766194173,1
766194174,3
766194175,0
766194176,0
766194177,3
766194178,0
766194179,0
766194180,0
766194181,0
766194182,0
766194183,0
766194184,0
766194185,1
766194186,0
766194187,0
766194188,1
766194189,0
766194190,1
766194191,0
766194192,0
766194193,1
766194194,0
766194195,3
766194196,0
766194197,0
766194198,0
766194199,1
766194200,0
766194201,0
766194202,1
766194203,0
766194204,0
766194205,0
766194206,0
766194207,0
766194208,0
766194209,0
766194210,0
766194211,0
766194212,0
766194213,0
766194214,0
766194215,0
766194216,3
766194217,3
766194218,0
766194219,1
766194220,0
766194221,0
766194222,0
766194223,0
766194224,0
766194225,0
766194226,3
766194227,0
766194228,3
766194229,0
766194230,1
766194231,3
766194232,1
766194233,0
766194234,0
766194235,0
766194236,1
766194237,3
766194238,1
766194239,0
766194240,0
766194241,1
766194242,0
766194243,3
766194244,0
766194245,0
766194246,0
766194247,0
766194248,0
766194249,0
766194250,0
766194251,0
766194252,0
766194253,0
766194254,0
766194255,0
766194256,0
766194257,0
766194258,0
766194259,0
766194260,0
766194261,3
766194262,1
766194263,0
766194264,2
766194265,0
766194266,0
766194267,0
766194268,0
766194269,0
766194270,0
766194271,0
766194272,1
766194273,0
766194274,1
766194275,0
766194276,0
766194277,0
766194278,0
766194279,0
766194280,0
766194281,0
766194282,3
766194283,0
766194284,0
766194285,0
766194286,1
766194287,0
766194288,3
766194289,0
766194290,3
766194291,0
766194292,0
766194293,1
766194294,3
766194295,0
766194296,0
766194297,0
766194298,0
766194299,0
766194300,0
766194301,1
766194302,0
766194303,0
766194304,3
766194305,0
766194306,0
766194307,0
766194308,0
766194309,0
766194310,0
766194311,0
766194312,0
766194313,0
766194314,3
766194315,0
766194316,0
766194317,1
766194318,0
766194319,1
766194320,0
766194321,0
766194322,0
766194323,1
766194324,0
766194325,0
766194326,0
766194327,0
766194328,1
766194329,0
766194330,0
766194331,0
766194332,0
766194333,0
766194334,1
766194335,0
766194336,1
766194337,0
766194338,3
766194339,0
766194340,2
766194341,1
766194342,0
766194343,0
766194344,0
766194345,0
766194346,3
766194347,0
766194348,3
766194349,0
766194350,0
766194351,0
766194352,0
766194353,3
766194354,1
766194355,0
766194356,0
766194357,1
766194358,3
766194359,0
766194360,0
766194361,1
766194362,3
766194363,1
766194364,3
766194365,0
766194366,0
766194367,1
766194368,3
766194369,0
766194370,0
766194371,0
766194372,0
766194373,1
766194374,1
766194375,0
766194376,3
766194377,0
766194378,0
766194379,2
766194380,0
766194381,0
766194382,3
766194383,0
766194384,0
766194386,3
766194387,0
766194388,0
766194389,0
766194390,0
766194391,3
766194392,0
766194393,0
766194394,2
766194395,0
766194396,0
766194397,0
766194398,0
766194399,1
766194400,1
766194401,3
766194402,0
766194403,1
766194404,0
766194405,1
766194406,0
766194407,3
766194408,0
766194409,0
766194410,0
766194411,0
766194412,0
766194413,0
766194414,0
766194415,0
766194416,0
766194417,3
766194418,0
766194419,0
766194420,1
766194421,0
766194422,1
766194423,0
766194424,1
766194425,0
766194426,3
766194427,0
766194428,0
766194429,0
766194430,0
766194431,0
766194432,0
766194433,1
766194434,0
766194435,1
766194436,0
766194437,0
766194438,0
766194439,0
766194440,0
766194441,0
766194442,0
766194443,0
766194444,3
766194445,0
766194446,0
766194447,1
766194448,0
766194449,0
766194450,0
766194451,0
766194452,3
766194453,0
766194454,0
766194455,0
766194456,1
766194457,0
766194458,0
766194459,0
766194460,1
766194461,1
766194462,0
766194463,0
766194464,0
766194465,1
766194466,0
766194467,2
766194468,0
766194469,1
766194470,1
766194471,0
766194472,0
766194473,0
766194474,0
766194475,0
766194476,0
766194477,3
766194478,0
766194479,1
766194480,0
766194481,0
766194482,3
766194483,0
766194484,0
766194485,0
766194486,0
766194487,1
766194488,0
766194489,1
766194490,3
766194491,0
766194492,0
766194493,0
766194494,0
766194495,1
766194496,0
766194497,1
766194498,0
766194499,0
766194500,1
766194501,0
766194502,0
766194503,0
766194504,1
766194505,0
766194506,0
766194507,0
766194508,0
766194509,1
766194510,0
766194511,1
766194512,3
766194513,1
766194514,0
766194515,0
766194516,0
766194517,1
766194518,2
766194519,0
766194520,0
766194521,0
766194522,0
766194523,0
766194524,0
766194525,0
766194526,0
766194527,3
766194528,0
766194529,0
766194530,3
766194531,0
766194532,0
766194533,1
766194534,1
766194535,0
766194536,1
766194537,1
766194538,0
766194539,0
766194540,0
766194541,0
766194542,0
766194543,0
766194544,0
766194545,0
766194546,1
766194547,1
766194548,1
766194549,3
766194550,1
766194551,0
766194552,0
766194553,0
766194554,1
766194555,0
766194556,0
766194557,0
766194558,2
766194559,0
766194560,0
766194561,0
766194562,3
766194563,0
766194564,3
766194565,0
766194566,0
766194567,3
766194568,0
766194569,0
766194570,0
766194571,0
766194572,0
766194573,1
766194574,0
766194575,2
766194576,0
766194577,0
766194578,0
766194579,0
766194580,0
766194581,0
766194582,0
766194583,3
766194584,3
766194585,0
766194586,0
766194587,0
766194588,0
766194589,3
766194590,0
766194591,0
766194592,1
766194593,0
766194594,3
766194595,0
766194596,0
766194597,0
766194598,3
766194599,0
766194600,0
766194601,1
766194602,0
766194603,3
766194604,0
766194605,0
766194606,3
766194607,1
766194608,1
766194609,3
766194610,0
766194611,0
766194612,0
766194613,1
766194614,2
766194615,1
766194616,0
766194617,3
766194618,3
766194619,0
766194620,0
766194621,0
766194622,0
766194623,0
766194624,0
766194625,0
766194626,0
766194627,0
766194628,1
766194629,0
766194630,0
766194631,1
766194632,0
766194633,0
766194634,0
766194635,0
766194636,1
766194637,0
766194638,1
766194639,0
766194640,0
766194641,0
766194642,0
766194643,0
766194644,1
766194645,0
766194646,0
766194647,0
766194648,0
766194649,1
766194650,1
766194651,0
766194652,0
766194653,1
766194654,0
766194655,0
766194656,0
766194657,0
766194658,2
766194659,0
766194660,0
766194661,0
766194662,0
766194663,1
766194664,0
766194665,0
766194666,3
766194667,3
766194668,0
766194669,1
766194670,3
766194671,0
766194672,0
766194673,0
766194674,0
766194675,0
766194676,1
766194677,0
766194678,0
766194679,0
766194680,2
766194681,1
766194682,0
766194683,3
766194684,0
766194685,0
766194686,0
766194687,0
766194688,0
766194689,0
766194690,0
766194691,0
766194692,0
766194693,0
766194694,3
766194695,0
766194696,0
766194697,0
766194698,0
766194699,1
766194700,3
766194701,3
766194702,0
766194703,0
766194704,0
766194705,1
766194706,3
766194707,0
766194708,0
766194709,3
766194710,0
766194711,0
766194712,1
766194713,0
766194714,0
766194715,0
766194716,0
766194717,0
766194718,0
766194719,0
766194720,1
766194721,1
766194722,1
766194723,0
766194724,0
766194725,0
766194726,0
766194727,0
766194728,0
766194729,0
766194730,0
766194731,0
766194732,0
766194733,0
766194734,0
766194735,0
766194736,0
766194737,0
766194738,0
766194739,3
766194740,0
766194741,1
766194742,0
766194743,0
766194744,3
766194745,1
766194746,1
766194747,0
766194748,0
766194749,0
766194750,1
766194751,3
766194752,0
766194753,0
766194754,0
766194755,0
766194756,0
766194757,1
766194758,3
766194759,0
766194760,0
766194761,0
766194762,0
766194763,0
766194764,0
766194765,0
766194766,0
766194767,0
766194768,1
766194769,3
766194770,1
766194771,3
766194772,0
766194773,0
766194774,0
766194775,1
766194776,2
766194777,0
766194778,0
766194779,1
766194780,0
766194781,0
766194782,0
766194783,0
766194784,0
766194785,0
766194786,1
766194787,1
766194788,1
766194789,3
766194790,1
766194791,1
766194792,0
766194793,0
766194794,0
766194795,0
766194796,3
766194797,0
766194798,3
766194799,0
766194800,3
766194801,0
766194802,1
766194803,0
766194804,0
766194805,0
766194806,0
766194807,1
766194808,0
766194809,0
766194810,0
766194811,3
766194812,0
766194813,0
766194814,1
766194815,1
766194816,0
766194817,0
766194818,0
766194819,3
766194820,2
766194821,3
766194822,0
766194823,0
766194824,0
766194825,0
766194826,0
766194827,0
766194828,0
766194829,0
766194830,0
766194831,0
766194832,0
766194833,0
766194834,0
766194835,0
766194836,1
766194837,3
766194838,0
766194839,1
766194840,0
766194841,0
766194842,1
766194843,0
766194844,3
766194845,0
766194846,0
766194847,2
766194848,0
766194849,0
766194850,1
766194851,0
766194852,1
766194853,3
766194854,0
766194855,3
766194856,0
766194857,0
766194858,0
766194859,0
766194860,1
766194861,1
766194862,1
766194863,3
766194864,0
766194865,3
766194866,1
766194867,3
766194868,0
766194869,3
766194870,0
766194871,1
766194872,0
766194873,0
766194874,1
766194875,3
766194876,0
766194877,1
766194878,1
766194879,1
766194880,1
766194881,0
766194882,0
766194883,0
766194884,0
766194885,0
766194886,0
766194887,0
766194888,3
766194889,0
766194890,0
766194891,1
766194892,0
766194893,1
766194894,0
766194895,1
766194896,0
766194897,3
766194898,0
766194899,3
766194900,0
766194901,0
766194902,1
766194903,1
766194904,0
766194905,1
766194906,0
766194907,0
766194908,0
766194909,0
766194910,1
766194911,0
766194912,1
766194913,0
766194914,0
766194915,1
766194916,0
766194917,0
766194918,3
766194919,0
766194920,0
766194921,0
766194922,0
766194923,1
766194924,2
766194925,0
766194926,0
766194927,0
766194928,0
766194929,0
766194930,0
766194931,0
766194932,0
766194933,0
766194934,0
766194935,0
766194936,0
766194937,1
766194938,1
766194939,0
766194940,1
766194941,0
766194942,0
766194943,0
766194944,0
766194945,1
766194946,0
766194947,3
766194948,0
766194949,0
766194950,0
766194951,0
766194952,2
766194953,1
766194954,1
766194955,1
766194956,0
766194957,0
766194958,0
766194959,0
766194960,0
766194961,0
766194962,0
766194963,0
766194964,3
766194965,0
766194966,3
766194967,0
766194968,3
766194969,3
766194970,0
766194971,3
766194972,1
766194973,0
766194974,1
766194975,1
766194976,0
766194977,3
766194978,0
766194979,3
766194980,0
766194981,0
766194982,0
766194983,0
766194984,0
766194985,1
766194986,0
766194987,2
766194988,3
766194989,1
766194990,1
766194991,2
766194992,2
766194993,1
766194994,1
766194995,1
766194996,2
766194997,2
766194998,0
766194999,1
766195000,2
766195001,1
766195002,1
766195003,2
766195004,2
766195005,1
766195006,3
766195007,3
766195008,3
766195009,0
766195010,1
766195011,1
766195012,2
766195013,2
766195014,1
766195015,2
766195016,2
766195017,2
766195018,2
766195019,2
766195020,2
766195021,2
766195022,1
766195023,2
766195024,2
766195025,1
766195026,2
766195027,1
766195028,2
766195029,1
766195030,1
766195031,2
766195032,2
766195033,3
766195034,3
766195035,3
766195036,1
766195037,1
766195038,0
766195039,1
766195040,0
766195041,0
766195042,1
766195043,1
766195044,1
766195045,2
766195046,2
766195047,2
766195048,1
766195049,0
766195050,2
766195051,2
766195052,0
766195053,0
766195054,1
766195055,1
766195056,1
766195057,2
766195058,2
766195059,1
766195060,1
766195061,1
766195062,0
766195063,3
766195064,1
766195065,3
766195066,1
766195067,0
766195068,3
766195069,0
766195070,3
766195071,1
766195072,1
766195073,2
766195074,1
766195075,1
766195076,1
766195077,0
766195078,2
766195079,2
766195080,0
766195081,1
766195082,1
766195083,2
766195084,1
766195085,2
766195086,1
766195087,2
766195088,1
766195089,1
766195090,1
766195091,2
766195092,1
766195093,0
766195094,1
766195095,1
766195096,3
766195097,2
766195098,1
766195099,1
766195100,2
766195101,1
766195102,1
766195103,1
766195104,1
766195105,1
766195106,3
766195107,1
766195108,1
766195109,2
766195110,2
766195111,1
766195112,0
766195113,1
766195114,2
766195115,1
766195116,2
766195117,1
766195118,1
766195119,3
766195120,0
766195121,1
766195122,2
766195123,1
766195124,1
766195125,2
766195126,1
766195127,1
766195128,2
766195129,1
766195130,2
766195131,1
766195132,1
766195133,2
766195134,3
766195135,3
766195136,2
766195137,2
766195138,1
766195139,2
766195140,1
766195141,3
766195142,1
766195143,3
766195144,1
766195145,2
766195146,2
766195147,1
766195148,1
766195149,2
766195150,3
766195151,2
766195152,2
766195153,1
766195154,2
766195155,1
766195156,2
766195157,1
766195158,1
766195159,3
766195160,3
766195161,2
766195162,3
766195163,1
766195164,2
766195165,2
766195166,1
766195167,2
766195168,1
766195169,1
766195170,2
766195171,2
766195172,3
766195173,2
766195174,1
766195175,2
766195176,2
766195177,2
766195178,2
766195179,1
766195180,3
766195181,2
766195182,1
766195183,1
766195184,1
766195185,1
766195186,2
766195187,3
766195188,2
766195189,1
766195190,3
766195191,1
766195192,2
766195193,2
766195194,1
766195195,2
766195196,2
766195197,1
766195198,2
766195199,2
766195200,1
766195201,2
766195202,2
766195203,2
766195204,1
766195205,1
766195206,1
766195207,2
766195208,3
766195209,2
766195210,3
766195211,2
766195212,2
766195213,2
766195214,3
766195215,1
766195216,2
766195217,2
766195218,1
766195219,2
766195220,2
766195221,2
766195222,1
766195223,2
766195224,2
766195225,2
766195226,2
766195227,2
766195228,0
766195229,1
766195230,1
766195231,2
766195232,1
766195233,3
766195234,3
766195235,2
766195236,1
766195237,1
766195238,2
766195239,1
766195240,2
766195241,2
766195242,1
766195243,2
766195244,1
766195245,2
766195246,0
766195247,3
766195248,2
766195249,1
766195250,2
766195251,2
766195252,2
766195253,3
766195254,1
766195255,2
766195256,2
766195257,2
766195258,2
766195259,2
766195260,2
766195261,0
766195262,1
766195263,0
766195264,2
766195265,1
766195266,3
766195267,2
766195268,2
766195269,0
766195270,2
766195271,0
766195272,1
766195273,2
766195274,2
766195275,2
766195276,0
766195277,0
766195278,0
766195279,2
766195280,3
766195281,2
766195282,2
766195283,3
766195284,2
766195285,1
766195286,0
766195287,2
766195288,3
766195289,1
766195290,0
766195291,0
766195292,1
766195293,2
766195294,1
766195295,2
766195296,2
766195297,1
766195298,2
766195299,1
766195300,1
766195301,2
766195302,1
766195303,2
766195304,1
766195305,0
766195306,1
766195307,0
766195308,0
766195309,0
766195310,0
766195311,2
766195312,0
766195313,0
766195314,1
766195315,1
766195316,0
766195317,1
766195318,0
766195319,2
766195320,0
766195321,1
766195322,0
766195323,0
766195324,2
766195325,1
766195326,2
766195327,2
766195328,2
766195329,2
766195330,2
766195331,1
766195332,2
766195333,2
766195334,2
766195335,1
766195336,2
766195337,1
766195338,1
766195339,3
766195340,2
766195341,1
766195342,2
766195343,1
766195344,2
766195345,2
766195346,2
766195347,3
766195348,3
766195349,1
766195350,0
766195351,2
766195352,2
766195353,2
766195354,0
766195355,2
766195356,2
766195357,2
766195358,1
766195359,1
766195360,0
766195361,1
766195362,2
766195363,2
766195364,2
766195365,2
766195366,2
766195367,0
766195368,1
766195369,3
766195370,1
766195371,2
766195372,2
766195373,0
766195374,3
766195375,2
766195376,1
766195377,2
766195378,1
766195379,2
766195380,2
766195381,2
766195382,1
766195383,2
766195384,2
766195385,2
766195386,1
766195387,2
766195388,2
766195389,3
766195390,1
766195391,1
766195392,2
766195393,3
766195394,3
766195395,0
766195396,2
766195397,2
766195398,3
766195399,0
766195400,1
766195401,1
766195402,1
766195403,1
766195404,2
766195405,1
766195406,1
766195407,2
766195408,2
766195409,1
766195410,2
766195411,3
766195412,2
766195413,0
766195414,2
766195415,1
766195416,3
766195417,3
766195418,2
766195419,2
766195420,1
766195421,3
766195422,3
766195423,1
766195424,2
766195425,3
766195426,1
766195427,2
766195428,2
766195429,0
766195430,1
766195431,2
766195432,1
766195433,2
766195434,3
766195435,2
766195436,3
766195437,2
766195438,0
766195439,3
766195440,1
766195441,1
766195442,1
766195443,2
766195444,2
766195445,1
766195446,1
766195447,1
766195448,1
766195449,3
766195450,2
766195451,0
766195452,3
766195453,1
766195454,1
766195455,3
766195456,2
766195457,2
766195458,1
766195459,0
766195460,1
766195461,1
766195462,0
766195463,1
766195464,3
766195465,3
766195466,1
766195467,2
766195468,3
766195469,3
766195470,1
766195471,1
766195472,1
766195473,3
766195474,2
766195475,3
766195476,1
766195477,0
766195478,1
766195479,0
766195480,2
766195481,0
766195482,1
766195483,3
766195484,0
766195485,1
766195486,1
766195487,0
766195488,2
766195489,0
766195490,0
766195491,3
766195492,2
766195493,1
766195494,1
766195495,0
766195496,2
766195497,0
766195498,1
766195499,1
766195500,0
766195501,2
766195502,2
766195503,2
766195504,2
766195505,1
766195506,3
766195507,2
766195508,2
766195509,3
766195510,2
766195511,2
766195512,0
766195513,2
766195514,1
766195515,2
766195516,1
766195517,2
766195518,2
766195519,1
766195520,3
766195521,2
766195522,2
766195523,2
766195524,1
766195525,2
766195526,1
766195527,1
766195528,1
766195529,2
766195530,0
766195531,3
766195532,1
766195533,1
766195534,2
766195535,0
766195536,3
766195537,3
766195538,2
766195539,1
766195540,1
766195541,0
766195542,3
766195543,1
766195544,2
766195545,1
766195546,3
766195547,2
766195548,1
766195549,1
766195550,2
766195551,0
766195552,1
766195553,2
766195554,0
766195555,1
766195556,1
766195557,1
766195558,2
766195559,0
766195560,2
766195561,2
766195562,2
766195563,3
766195564,2
766195565,2
766195566,2
766195567,1
766195568,2
766195569,3
766195570,1
766195571,1
766195572,1
766195573,2
766195574,2
766195575,2
766195576,2
766195577,1
766195578,1
766195579,3
766195580,3
766195581,1
766195582,3
766195583,3
766195584,2
766195585,2
766195586,3
766195587,2
766195588,3
766195589,2
766195590,2
766195591,2
766195592,2
766195593,1
766195594,3
766195595,2
766195596,2
766195597,2
766195598,1
766195599,1
766195600,2
766195601,1
766195602,1
766195603,1
766195604,1
766195605,2
766195606,1
766195607,1
766195608,3
766195609,1
766195610,2
766195611,1
766195612,1
766195613,1
766195614,1
766195615,3
766195616,2
766195617,2
766195618,3
766195619,1
766195620,1
766195621,2
766195622,1
766195623,1
766195624,3
766195625,2
766195626,2
766195627,2
766195628,2
766195629,2
766195630,2
766195631,3
766195632,0
766195633,2
766195634,1
766195635,2
766195636,3
766195637,2
766195638,3
766195639,1
766195640,1
766195641,1
766195642,1
766195643,1
766195644,1
766195645,1
766195646,3
766195647,3
766195648,0
766195649,2
766195650,1
766195651,3
766195652,2
766195653,2
766195654,1
766195655,2
766195656,2
766195657,1
766195658,1
766195659,1
766195660,2
766195661,2
766195662,2
766195663,2
766195664,0
766195665,1
766195666,1
766195667,2
766195668,1
766195669,1
766195670,2
766195671,2
766195672,1
766195673,2
766195674,1
766195675,1
766195676,0
766195677,2
766195678,1
766195679,2
766195680,2
766195681,1
766195682,1
766195683,2
766195684,2
766195685,1
766195686,2
766195687,3
766195688,1
766195689,2
766195690,3
766195691,1
766195692,1
766195693,1
766195694,1
766195695,2
766195696,0
766195697,1
766195698,2
766195699,1
766195700,2
766195701,1
766195702,1
766195703,2
766195704,1
766195705,3
766195706,2
766195707,2
766195708,3
766195709,2
766195710,2
766195711,1
766195712,2
766195713,2
766195714,2
766195715,2
766195716,2
766195717,2
766195718,0
766195719,1
766195720,2
766195721,3
766195722,1
766195723,1
766195724,1
766195725,1
766195726,0
766195727,1
766195728,1
766195729,0
766195730,1
766195731,1
766195732,0
766195733,0
766195734,0
766195735,0
766195736,0
766195737,0
766195738,1
766195739,0
766195740,3
766195741,2
766195742,1
766195743,0
766195744,1
766195745,0
766195746,0
766195747,1
766195748,1
766195749,3
766195750,0
766195751,1
766195752,1
766195753,0
766195754,1
766195755,0
766195756,1
766195757,0
766195758,0
766195759,0
766195760,1
766195761,0
766195762,0
766195763,0
766195764,1
766195765,2
766195766,2
766195767,1
766195768,1
766195769,1
766195770,2
766195771,1
766195772,2
766195773,2
766195774,1
766195775,3
766195776,2
766195777,3
766195778,1
766195779,2
766195780,3
766195781,2
766195782,1
766195783,1
766195784,2
766195785,3
766195786,1
766195787,2
766195788,2
766195789,1
766195790,1
766195791,3
766195792,0
766195793,2
766195794,3
766195795,3
766195796,0
766195797,0
766195798,0
766195799,1
766195800,1
766195801,1
766195802,1
766195803,2
766195804,2
766195805,2
766195806,2
766195807,3
766195808,3
766195809,2
766195810,1
766195811,2
766195812,3
766195813,1
766195814,2
766195815,2
766195816,1
766195817,0
766195818,2
766195819,1
766195820,1
766195821,2
766195822,1
766195823,1
766195824,2
766195825,3
766195826,2
766195827,1
766195828,1
766195829,3
766195830,0
766195831,0
766195832,0
766195833,0
766195834,0
766195835,1
766195836,1
766195837,0
766195838,0
766195839,0
766195840,1
766195841,2
766195842,2
766195843,1
766195844,2
766195845,0
766195846,0
766195847,2
766195848,1
766195849,3
766195850,2
766195851,2
766195852,2
766195853,3
766195854,2
766195855,1
766195856,1
766195857,2
766195858,2
766195859,2
766195860,1
766195861,2
766195862,2
766195863,3
766195864,3
766195865,3
766195866,2
766195867,2
766195868,3
766195869,2
766195870,1
766195871,0
766195872,2
766195873,3
766195874,0
766195875,1
766195876,2
766195877,3
766195878,3
766195879,0
766195880,1
766195881,2
766195882,2
766195883,3
766195884,1
766195885,2
766195886,3
766195887,2
766195888,1
766195889,1
766195890,0
766195891,3
766195892,3
766195893,1
766195894,2
766195895,2
766195896,1
766195897,1
766195898,3
766195899,1
766195900,2
766195901,3
766195902,1
766195903,3
766195904,1
766195905,2
766195906,1
766195907,3
766195908,1
766195909,0
766195910,3
766195911,2
766195912,2
766195913,2
766195914,2
766195915,2
766195916,3
766195917,2
766195918,3
766195919,3
766195920,1
766195921,3
766195922,3
766195923,1
766195924,3
766195925,1
766195926,1
766195927,1
766195928,3
766195929,1
766195930,2
766195931,2
766195932,1
766195933,2
766195934,2
766195935,1
766195936,1
766195937,1
766195938,3
766195939,2
766195940,2
766195941,1
766195942,1
766195943,2
766195944,1
766195945,1
766195946,2
766195947,1
766195948,1
766195949,1
766195950,1
766195951,1
766195952,1
766195953,2
766195954,2
766195955,2
766195956,2
766195957,2
766195958,2
766195959,2
766195960,2
766195961,1
766195962,0
766195963,1
766195964,3
766195965,3
766195966,3
766195967,2
766195968,3
766195969,1
766195970,0
766195971,1
766195972,1
766195973,2
766195974,1
766195975,3
766195976,3
766195977,3
766195978,3
766195979,1
766195980,2
766195981,1
766195982,3
766195983,0
766195984,2
766195985,1
766195986,3
766195987,0
766195988,1
766195989,0
766195990,0
766195991,1
766195992,2
766195993,2
766195994,3
766195995,2
766195996,2
766195997,1
766195998,1
766195999,2
766196000,2
766196001,2
766196002,2
766196003,1
766196004,2
766196005,0
766196006,0
766196007,0
766196008,0
766196009,0
766196010,1
766196011,0
766196012,0
766196013,0
766196014,1
766196015,1
766196016,3
766196017,2
766196018,2
766196019,1
766196020,2
766196021,1
766196022,3
766196023,2
766196024,2
766196025,1
766196026,1
766196027,2
766196028,1
766196029,2
766196030,1
766196031,1
766196032,2
766196033,2
766196034,0
766196035,3
766196036,1
766196037,3
766196038,0
766196039,2
766196040,1
766196041,3
766196042,1
766196043,2
766196044,1
766196045,2
766196046,1
766196047,2
766196048,3
766196049,2
766196050,0
766196051,2
766196052,2
766196053,2
766196054,3
766196055,2
766196056,2
766196057,1
766196058,2
766196059,1
766196060,3
766196061,2
766196062,1
766196063,1
766196064,1
766196065,2
766196066,2
766196067,0
766196068,2
766196069,1
766196070,1
766196071,2
766196072,1
766196073,0
766196074,0
766196075,2
766196076,2
766196077,0
766196078,3
766196079,3
766196080,2
766196081,1
766196082,1
766196083,2
766196084,1
766196085,2
766196086,2
766196087,2
766196088,3
766196089,1
766196090,2
766196091,2
766196092,2
766196093,2
766196094,3
766196095,3
766196096,1
766196097,3
766196098,1
766196099,2
766196100,3
766196101,1
766196102,1
766196103,1
766196104,2
766196105,1
766196106,3
766196107,1
766196108,1
766196109,0
766196110,1
766196111,1
766196112,2
766196113,3
766196114,2
766196115,3
766196116,2
766196117,1
766196118,1
766196119,3
766196120,2
766196121,1
766196122,1
766196123,0
766196124,2
766196125,0
766196126,1
766196127,1
766196128,3
766196129,1
766196130,2
766196131,2
766196132,2
766196133,2
766196134,1
766196135,1
766196136,3
766196137,1
766196138,1
766196139,1
766196140,1
766196141,2
766196142,2
766196143,1
766196144,0
766196145,0
766196146,1
766196147,2
766196148,3
766196149,0
766196150,1
766196151,2
766196152,3
766196153,2
766196154,1
766196155,2
766196156,2
766196157,2
766196158,2
766196159,3
766196160,0
766196161,2
766196162,2
766196163,3
766196164,3
766196165,2
766196166,3
766196167,2
766196168,0
766196169,3
766196170,3
766196171,1
766196172,2
766196173,0
766196174,3
766196175,0
766196176,1
766196177,0
766196178,0
766196179,1
766196180,2
766196181,1
766196182,3
766196183,1
766196184,2
766196185,1
766196186,1
766196187,1
766196188,2
766196189,3
766196190,1
766196191,1
766196192,1
766196193,0
766196194,3
766196195,2
766196196,3
766196197,3
766196198,3
766196199,3
766196200,1
766196201,1
766196202,2
766196203,1
766196204,3
766196205,1
766196206,1
766196207,1
766196208,3
766196209,1
766196210,2
766196211,1
766196212,2
766196213,2
766196214,3
766196215,1
766196216,1
766196217,2
766196218,2
766196219,3
766196220,3
766196221,1
766196222,2
766196223,1
766196224,1
766196225,2
766196226,1
766196227,2
766196228,2
766196229,3
766196230,2
766196231,2
766196232,2
766196233,1
766196234,3
766196235,3
766196236,2
766196237,1
766196238,2
766196239,1
766196240,1
766196241,1
766196242,2
766196243,2
766196244,2
766196245,3
766196246,2
766196247,1
766196248,0
766196249,1
766196250,1
766196251,0
766196252,2
766196253,2
766196254,2
766196255,2
766196256,2
766196257,1
766196258,1
766196259,1
766196260,2
766196261,2
766196262,2
766196263,2
766196264,2
766196265,2
766196266,2
766196267,1
766196268,1
766196269,1
766196270,2
766196271,1
766196272,1
766196273,1
766196274,1
766196275,2
766196276,2
766196277,1
766196278,2
766196279,2
766196280,2
766196281,1
766196282,2
766196283,2
766196284,0
766196285,1
766196286,2
766196287,1
766196288,2
766196289,2
766196290,2
766196291,2
766196292,1
766196293,1
766196294,1
766196295,1
766196296,3
766196297,2
766196298,3
766196299,2
766196300,1
766196301,1
766196302,2
766196303,1
766196304,1
766196305,1
766196306,1
766196307,0
766196308,1
766196309,2
766196310,1
766196311,2
766196312,3
766196313,2
766196314,3
766196315,0
766196316,3
766196317,1
766196318,2
766196319,0
766196320,3
766196321,0
766196322,0
766196323,0
766196324,0
766196325,0
766196326,0
766196327,2
766196328,3
766196329,2
766196330,2
766196331,3
766196332,2
766196333,0
766196334,1
766196335,0
766196336,1
766196337,2
766196338,3
766196339,1
766196340,3
766196341,3
766196342,0
766196343,3
766196344,2
766196345,2
766196346,1
766196347,0
766196348,1
766196349,3
766196350,2
766196351,1
766196352,3
766196353,1
766196354,1
766196355,2
766196356,0
766196357,1
766196358,2
766196359,2
766196360,2
766196361,2
766196362,2
766196363,2
766196364,2
766196365,2
766196366,2
766196367,1
766196368,2
766196369,3
766196370,3
766196371,0
766196372,2
766196373,2
766196374,1
766196375,2
766196376,1
766196377,1
766196378,1
766196379,3
766196380,2
766196381,1
766196382,2
766196383,1
766196384,1
766196385,3
766196386,2
766196387,1
766196388,1
766196389,3
766196390,3
766196391,2
766196392,2
766196393,2
766196394,1
766196395,2
766196396,3
766196397,2
766196398,2
766196399,2
766196400,2
766196401,1
766196402,2
766196403,2
766196404,3
766196405,1
766196406,2
766196407,2
766196408,2
766196409,2
766196410,3
766196411,2
766196412,3
766196413,2
766196414,2
766196415,1
766196416,1
766196417,2
766196418,1
766196419,2
766196420,2
766196421,1
766196422,2
766196423,2
766196424,2
766196425,0
766196426,0
766196427,3
766196428,1
766196429,1
766196430,3
766196431,0
766196432,0
766196433,1
766196434,2
766196435,2
766196436,2
766196437,1
766196438,2
766196439,2
766196440,1
766196441,1
766196442,1
766196443,2
766196444,2
766196445,2
766196446,1
766196447,2
766196448,3
766196449,2
766196450,2
766196451,2
766196452,2
766196453,0
766196454,0
766196455,2
766196456,2
766196457,2
766196458,1
766196459,3
766196460,2
766196461,2
766196462,2
766196463,2
766196464,2
766196465,2
766196466,2
766196467,2
766196468,1
766196469,2
766196470,0
766196471,2
766196472,2
766196473,2
766196474,2
766196475,3
766196476,2
766196477,2
766196478,1
766196479,2
766196480,2
766196481,2
766196482,2
766196483,2
766196484,1
766196485,2
766196486,1
766196487,2
766196488,0
766196489,1
766196490,1
766196491,1
766196492,2
766196493,3
766196494,1
766196495,1
766196496,2
766196497,1
766196498,1
766196499,2
766196500,1
766196501,2
766196502,2
766196503,1
766196504,1
766196505,2
766196506,1
766196507,2
766196508,1
766196509,0
766196510,1
766196511,1
766196512,2
766196513,2
766196514,2
766196515,1
766196516,2
766196517,3
766196518,2
766196519,3
766196520,2
766196521,1
766196522,3
766196523,2
766196524,3
766196525,2
766196526,2
766196527,0
766196528,1
766196529,3
766196530,2
766196531,1
766196532,1
766196533,0
766196534,2
766196535,1
766196536,1
766196537,1
766196538,3
766196539,3
766196540,2
766196541,2
766196542,3
766196543,2
766196544,0
766196545,1
766196546,1
766196547,2
766196548,1
766196549,2
766196550,1
766196551,2
766196552,2
766196553,1
766196554,1
766196555,2
766196556,3
766196557,1
766196558,2
766196559,2
766196560,3
766196561,2
766196562,3
766196563,3
766196564,2
766196565,2
766196566,2
766196567,1
766196568,3
766196569,1
766196570,2
766196571,1
766196572,3
766196573,0
766196574,2
766196575,3
766196576,2
766196577,3
766196578,2
766196579,1
766196580,2
766196581,1
766196582,1
766196583,2
766196584,0
766196585,0
766196586,1
766196587,0
766196588,3
766196589,3
766196590,2
766196591,2
766196592,3
766196593,1
766196594,1
766196595,2
766196596,2
766196597,2
766196598,1
766196599,1
766196600,3
766196601,0
766196602,3
766196603,1
766196604,1
766196605,2
766196606,2
766196607,3
766196608,2
766196609,2
766196610,2
766196611,1
766196612,2
766196613,2
766196614,1
766196615,2
766196616,2
766196617,1
766196618,1
766196619,1
766196620,3
766196621,3
766196622,2
766196623,1
766196624,2
766196625,1
766196626,1
766196627,2
766196628,3
766196629,3
766196630,3
766196631,3
766196632,0
766196633,2
766196634,3
766196635,1
766196636,1
766196637,1
766196638,3
766196639,3
766196640,3
766196641,0
766196642,2
766196643,0
766196644,1
766196645,1
766196646,3
766196647,2
766196648,0
766196649,0
766196650,3
766196651,2
766196652,3
766196653,2
766196654,2
766196655,2
766196656,2
766196657,1
766196658,3
766196659,1
766196660,2
766196661,2
766196662,2
766196663,1
766196664,3
766196665,1
766196666,3
766196667,1
766196668,0
766196669,2
766196670,3
766196671,1
766196672,2
766196673,1
766196674,3
766196675,3
766196676,3
766196677,2
766196678,3
766196679,1
766196680,3
766196681,1
766196682,2
766196683,3
766196684,2
766196685,3
766196686,1
766196687,1
766196688,3
766196689,3
766196690,1
766196691,2
766196692,3
766196693,3
766196694,1
766196695,3
766196696,3
766196697,3
766196698,3
766196699,2
766196700,3
766196701,3
766196702,3
766196703,2
766196704,3
766196705,0
766196706,3
766196707,1
766196708,0
766196709,2
766196710,0
766196711,1
766196712,1
766196713,0
766196714,3
766196715,1
766196716,0
766196717,0
766196718,2
766196719,2
766196720,2
766196721,3
766196722,1
766196723,0
766196724,0
766196725,0
766196726,0
766196727,0
766196728,0
766196729,0
766196730,0
766196731,0
766196732,2
766196733,1
766196734,2
766196735,2
766196736,0
766196737,0
766196738,1
766196739,3
766196740,1
766196741,0
766196742,1
766196743,1
766196744,3
766196745,0
766196746,1
766196747,2
766196748,2
766196749,1
766196750,0
766196751,1
766196752,1
766196753,1
766196754,1
766196755,1
766196756,2
766196757,3
766196758,1
766196759,0
766196760,1
766196761,0
766196762,3
766196763,1
766196764,2
766196765,1
766196766,2
766196767,2
766196768,0
766196769,1
766196770,3
766196771,1
766196772,3
766196773,2
766196774,2
766196775,2
766196776,2
766196777,1
766196778,2
766196779,1
766196780,3
766196781,2
766196782,1
766196783,3
766196784,2
766196785,2
766196786,2
766196787,3
766196788,2
766196789,1
766196790,1
766196791,1
766196792,2
766196793,2
766196794,2
766196795,2
766196796,2
766196797,2
766196798,1
766196799,0
766196800,2
766196801,2
766196802,2
766196803,3
766196804,2
766196805,2
766196806,1
766196807,1
766196808,1
766196809,3
766196810,0
766196811,1
766196812,0
766196813,0
766196814,0
766196815,0
766196816,0
766196817,0
766196818,0
766196819,0
766196820,0
766196821,0
766196822,0
766196823,0
766196824,0
766196825,0
766196826,0
766196827,0
766196828,0
766196829,0
766196830,0
766196831,0
766196832,0
766196833,0
766196834,0
766196835,0
766196836,0
766196837,0
766196838,0
766196839,0
766196840,1
766196841,0
766196842,0
766196843,1
766196844,0
766196845,0
766196846,0
766196847,0
766196848,0
766196849,0
766196850,0
766196851,3
766196852,0
766196853,0
766196854,0
766196855,2
766196856,2
766196857,1
766196858,1
766196859,2
766196860,2
766196861,1
766196862,0
766196863,1
766196864,1
766196865,2
766196866,1
766196867,1
766196868,1
766196869,3
766196870,3
766196871,1
766196872,3
766196873,2
766196874,0
766196875,0
766196876,3
766196877,1
766196878,1
766196879,0
766196880,1
766196881,1
766196882,3
766196883,1
766196884,3
766196885,0
766196886,2
766196887,2
766196888,3
766196889,3
766196890,2
766196891,2
766196892,2
766196893,1
766196894,2
766196895,1
766196896,3
766196897,1
766196898,2
766196899,2
766196900,1
766196901,0
766196902,1
766196903,2
766196904,3
766196905,3
766196906,3
766196907,3
766196908,1
766196909,0
766196910,1
766196911,1
766196912,1
766196913,3
766196914,0
766196915,1
766196916,3
766196917,1
766196918,1
766196919,1
766196920,3
766196921,2
766196922,1
766196923,2
766196924,3
766196925,2
766196926,2
766196927,3
766196928,2
766196929,2
766196930,2
766196931,2
766196932,3
766196933,2
766196934,0
766196935,0
766196936,0
766196937,0
766196938,2
766196939,2
766196940,3
766196941,3
766196942,1
766196943,3
766196944,3
766196945,1
766196946,3
766196947,2
766196948,0
766196949,3
766196950,1
766196951,2
766196952,1
766196953,1
766196954,2
766196955,1
766196956,1
766196957,2
766196958,3
766196959,3
766196960,2
766196961,3
766196962,2
766196963,2
766196964,2
766196965,3
766196966,0
766196967,3
766196968,1
766196969,1
766196970,1
766196971,3
766196972,2
766196973,2
766196974,1
766196975,1
766196976,3
766196977,3
766196978,1
766196979,2
766196980,2
766196981,2
766196982,2
766196983,2
766196984,2
766196985,3
766196986,2
766196987,2
766196988,2
766196989,3
766196990,3
766196991,2
766196992,2
766196993,1
766196994,1
766196995,2
766196996,2
766196997,2
766196998,2
766196999,0
766197000,0
766197001,2
766197002,2
766197003,2
766197004,2
766197005,2
766197006,0
766197007,2
766197008,0
766197009,0
766197010,2
766197011,2
766197012,2
766197013,2
766197014,2
766197015,2
766197016,2
766197017,2
766197018,1
766197019,1
766197020,3
766197021,1
766197022,0
766197023,0
766197024,3
766197025,1
766197026,0
766197027,3
766197028,2
766197029,1
766197030,2
766197031,3
766197032,2
766197033,2
766197034,1
766197035,1
766197036,1
766197037,1
766197038,0
766197039,1
766197040,2
766197041,1
766197042,1
766197043,0
766197044,1
766197045,1
766197046,3
766197047,2
766197048,1
766197049,3
766197050,3
766197051,0
766197052,1
766197053,2
766197054,3
766197055,1
766197056,1
766197057,1
766197058,2
766197059,1
766197060,2
766197061,2
766197062,1
766197063,2
766197064,1
766197065,1
766197066,2
766197067,1
766197068,1
766197069,3
766197070,3
766197071,1
766197072,2
766197073,2
766197074,1
766197075,1
766197076,1
766197077,1
766197078,2
766197079,2
766197080,2
766197081,2
766197082,2
766197083,3
766197084,2
766197085,3
766197086,1
766197087,0
766197088,2
766197089,0
766197090,2
766197091,2
766197092,2
766197093,0
766197094,2
766197095,3
766197096,3
766197097,1
766197098,3
766197099,2
766197100,2
766197101,1
766197102,2
766197103,2
766197104,1
766197105,3
766197106,1
766197107,2
766197108,1
766197109,1
766197110,1
766197111,2
766197112,1
766197113,3
766197114,2
766197115,2
766197116,2
766197117,0
766197118,2
766197119,0
766197120,0
766197121,0
766197122,2
766197123,3
766197124,3
766197125,3
766197126,1
766197127,2
766197128,1
766197129,1
766197130,2
766197131,3
766197132,2
766197133,3
766197134,1
766197135,3
766197136,1
766197137,1
766197138,3
766197139,3
766197140,1
766197141,1
766197142,1
766197143,0
766197144,1
766197145,3
766197146,3
766197147,1
766197148,3
766197149,1
766197150,3
766197151,2
766197152,1
766197153,1
766197154,2
766197155,2
766197156,2
766197157,2
766197158,3
766197159,1
766197160,3
766197161,1
766197162,1
766197163,0
766197164,2
766197165,3
766197166,0
766197167,3
766197168,1
766197169,0
766197170,3
766197171,3
766197172,0
766197173,0
766197174,1
766197175,1
766197176,0
766197177,0
766197178,1
766197179,1
766197180,1
766197181,3
766197182,3
766197183,0
766197184,3
766197185,3
766197187,0
766197188,0
766197189,3
766197190,3
766197191,2
766197192,2
766197193,2
766197194,1
766197195,3
766197196,2
766197197,1
766197198,1
766197199,1
766197200,3
766197201,2
766197202,2
766197203,2
766197204,1
766197205,1
766197206,2
766197207,3
766197208,3
766197209,3
766197210,1
766197211,3
766197212,1
766197213,3
766197214,0
766197215,2
766197216,1
766197217,1
766197218,1
766197219,1
766197220,3
766197221,2
766197222,1
766197223,3
766197224,3
766197225,1
766197226,3
766197227,3
766197228,3
766197229,3
766197230,2
766197231,2
766197232,3
766197233,3
766197234,3
766197235,2
766197236,2
766197237,0
766197238,1
766197239,1
766197240,3
766197241,3
766197242,1
766197243,1
766197244,1
766197245,2
766197246,2
766197247,3
766197248,0
766197249,3
766197250,1
766197251,3
766197252,2
766197253,1
766197254,0
766197255,2
766197256,1
766197257,2
766197258,2
766197259,1
766197260,1
766197261,1
766197262,2
766197263,3
766197264,1
766197265,2
766197266,2
766197267,1
766197268,0
766197269,0
766197270,1
766197271,2
766197272,2
766197273,2
766197274,1
766197275,0
766197276,0
766197277,2
766197278,1
766197279,0
766197280,0
766197281,2
766197282,3
766197283,1
766197284,2
766197285,2
766197286,2
766197287,1
766197288,3
766197289,2
766197290,0
766197291,2
766197292,2
766197293,1
766197294,1
766197295,2
766197296,1
766197297,1
766197298,2
766197299,2
766197300,2
766197301,2
766197302,2
766197303,1
766197304,1
766197305,1
766197306,0
766197307,1
766197308,1
766197309,2
766197310,1
766197311,1
766197312,1
766197313,0
766197314,2
766197315,0
766197316,2
766197317,3
766197318,1
766197319,2
766197320,1
766197321,2
766197322,1
766197323,1
766197324,3
766197325,1
766197326,2
766197327,2
766197328,2
766197329,2
766197330,1
766197331,2
766197332,2
766197333,1
766197334,0
766197335,1
766197336,3
766197337,2
766197338,1
766197339,2
766197340,0
766197341,1
766197342,1
766197343,2
766197344,1
766197345,3
766197346,2
766197347,0
766197348,1
766197349,3
766197350,3
766197351,2
766197352,2
766197353,1
766197354,2
766197355,0
766197356,3
766197357,1
766197358,1
766197359,3
766197360,2
766197361,3
766197362,1
766197363,3
766197364,1
766197365,2
766197366,3
766197367,2
766197368,1
766197369,0
766197370,1
766197371,3
766197372,1
766197373,2
766197374,2
766197375,2
766197376,2
766197377,1
766197378,3
766197379,3
766197380,2
766197381,2
766197382,1
766197383,2
766197384,2
766197385,3
766197386,1
766197387,3
766197388,2
766197389,1
766197390,3
766197391,1
766197392,2
766197393,2
766197394,1
766197395,3
766197396,2
766197397,1
766197398,2
766197399,1
766197400,1
766197401,0
766197402,1
766197403,1
766197404,0
766197405,1
766197406,3
766197407,2
766197408,0
766197409,3
766197410,1
766197411,0
766197412,2
766197413,1
766197414,2
766197415,1
766197416,2
766197417,2
766197418,1
766197419,2
766197420,2
766197421,1
766197422,2
766197423,2
766197424,1
766197425,2
766197426,2
766197427,1
766197428,1
766197429,3
766197430,0
766197431,2
766197432,1
766197433,2
766197434,2
766197435,0
766197436,3
766197437,2
766197438,0
766197439,2
766197440,2
766197441,2
766197442,1
766197443,1
766197444,2
766197445,2
766197446,1
766197447,3
766197448,2
766197449,2
766197450,2
766197451,1
766197452,2
766197453,2
766197454,2
766197455,0
766197456,3
766197457,2
766197458,2
766197459,1
766197460,0
766197461,3
766197462,1
766197463,2
766197464,2
766197465,1
766197466,2
766197467,1
766197468,3
766197469,2
766197470,3
766197471,1
766197472,3
766197473,2
766197474,2
766197475,3
766197476,3
766197477,2
766197478,3
766197479,1
766197480,3
766197481,2
766197482,2
766197483,2
766197484,1
766197485,3
766197486,1
